<?xml version="1.0" encoding="UTF-8"?>

<!-- For assistance related to logback-translator or configuration  -->
<!-- files in general, please contact the logback user mailing list -->
<!-- at http://www.qos.ch/mailman/listinfo/logback-user             -->
<!--                                                                -->
<!-- For professional support please see                            -->
<!--    http://www.qos.ch/shop/products/professionalSupport         -->
<!--                                                                -->
<configuration>
    <appender name="stdout" class="ch.qos.logback.core.ConsoleAppender">
        <encoder>
            <pattern>%d %5p | %t | %-55logger{55} %M %L | %m %n</pattern>
        </encoder>
    </appender>

    <appender name="R" class="ch.qos.logback.core.rolling.RollingFileAppender">
        <!--See http://logback.qos.ch/manual/appenders.html#RollingFileAppender-->
        <!--and http://logback.qos.ch/manual/appenders.html#TimeBasedRollingPolicy-->
        <!--for further documentation-->
        <File>D:/my_log.log</File>
        <encoder>
            <pattern>%d %5p | %t | %-55logger{55}  %M %L | %m %n</pattern>
        </encoder>
    </appender>
    <logger name="com.ibatis.common.jdbc.SimpleDataSource" level="debug"/>
    <logger name="java.sql.Connection" level="debug"/>
    <logger name="com.ibatis" level="debug"/>
    <logger name="com.ibatis.common.jdbc.ScriptRunner" level="debug"/>
    <logger name="com.ibatis.sqlmap.engine.impl.SqlMapClientDelegate" level="debug"/>
    <logger name="java.sql.Statement" level="debug"/>
    <logger name="java.sql.PreparedStatement" level="debug">
        <appender-ref ref="stdout"/>
    </logger>
    <root level="info">
        <appender-ref ref="stdout"/>
        <appender-ref ref="R"/>
    </root>
</configuration>