<?xml version="1.0" encoding="UTF-8"?>
<beans xmlns="http://www.springframework.org/schema/beans"
       xmlns:xsi="http://www.w3.org/2001/XMLSchema-instance"
       xmlns:context="http://www.springframework.org/schema/context"
       xmlns:jee="http://www.springframework.org/schema/jee"
       xmlns:util="http://www.springframework.org/schema/util"
       xmlns:aop="http://www.springframework.org/schema/aop"  
       xsi:schemaLocation="
            http://www.springframework.org/schema/beans http://www.springframework.org/schema/beans/spring-beans-4.3.xsd
            http://www.springframework.org/schema/context http://www.springframework.org/schema/context/spring-context-4.3.xsd
            http://www.springframework.org/schema/aop  
            http://www.springframework.org/schema/aop/spring-aop-4.3.xsd 
            http://www.springframework.org/schema/jee http://www.springframework.org/schema/jee/spring-jee-4.3.xsd
            http://www.springframework.org/schema/util http://www.springframework.org/schema/util/spring-util-4.3.xsd" >

    <context:property-placeholder location="classpath:jdbc.properties" />

    <bean id="dataSource" class="com.alibaba.druid.pool.DruidDataSource" init-method="init" destroy-method="close">
        <!--&lt;!&ndash; 基本属性 url、user、password &ndash;&gt;-->
        <property name="url" value="${url}" />
        <property name="username" value="root" />
        <property name="password" value="2307" />

        <!--&lt;!&ndash; 配置初始化大小、最小、最大 &ndash;&gt;-->
        <property name="initialSize" value="1" />
        <property name="minIdle" value="1" />
        <property name="maxActive" value="20" />

        <!--&lt;!&ndash; 配置获取连接等待超时的时间 &ndash;&gt;-->
        <property name="maxWait" value="60000" />

        <!--&lt;!&ndash; 配置间隔多久才进行一次检测，检测需要关闭的空闲连接，单位是毫秒 &ndash;&gt;-->
        <property name="timeBetweenEvictionRunsMillis" value="60000" />

        <!--&lt;!&ndash; 配置一个连接在池中最小生存的时间，单位是毫秒 &ndash;&gt;-->
        <property name="minEvictableIdleTimeMillis" value="300000" />

        <property name="validationQuery" value="SELECT 'x'" />
        <property name="testWhileIdle" value="true" />
        <property name="testOnBorrow" value="false" />
        <property name="testOnReturn" value="false" />

        <!--&lt;!&ndash; 打开PSCache，并且指定每个连接上PSCache的大小 &ndash;&gt;-->
        <property name="poolPreparedStatements" value="true" />
        <property name="maxPoolPreparedStatementPerConnectionSize" value="20" />

        <!--&lt;!&ndash; 配置监控统计拦截的filters &ndash;&gt;-->
        <property name="filters" value="stat" />
    </bean>

    <!-- 配置sqlSessionFactory -->
    <bean id="sqlSessionFactory" class="org.mybatis.spring.SqlSessionFactoryBean">
        <!-- 实例化sqlSessionFactory时需要使用上述配置好的数据源以及SQL映射文件 -->
        <property name="dataSource" ref="dataSource" />
        <!-- 自动扫描me/gacl/mapping/目录下的所有SQL映射的xml文件, 省掉Configuration.xml里的手工配置
        value="classpath:me/gacl/mapping/*.xml"指的是classpath(类路径)下me.gacl.mapping包中的所有xml文件
        UserMapper.xml位于me.gacl.mapping包下，这样UserMapper.xml就可以被自动扫描
         -->
        <property name="mapperLocations" value="classpath:mapper/*.xml" />
    </bean>
    <!-- 配置扫描器 -->
    <bean class="org.mybatis.spring.mapper.MapperScannerConfigurer">
        <!-- 扫描这个包以及它的子包下的所有映射接口类 -->
        <property name="basePackage" value="com.exam.dao" />
        <property name="sqlSessionFactoryBeanName" value="sqlSessionFactory" />
    </bean>

    <!--配置sqlSession-->
    <bean id="sqlSession" class="org.mybatis.spring.SqlSessionTemplate">
        <constructor-arg index="0" ref="sqlSessionFactory" />
        <constructor-arg index="1" value="BATCH" />
    </bean>
    
    <context:component-scan base-package="com.exam.controller"></context:component-scan>
	<context:component-scan base-package="com.exam.service"></context:component-scan>
	
    <context:component-scan base-package="com.exam.aop"></context:component-scan>
    <bean id="methodAspect" class="com.exam.aop.MethodMonitorAop"></bean>
	
</beans>