<?xml version="1.0" encoding="UTF-8"?>
<beans xmlns="http://www.springframework.org/schema/beans"
       xmlns:xsi="http://www.w3.org/2001/XMLSchema-instance"
       xmlns:context="http://www.springframework.org/schema/context"
       xmlns:mvc="http://www.springframework.org/schema/mvc"
       xmlns:aop="http://www.springframework.org/schema/aop"  
       xsi:schemaLocation="http://www.springframework.org/schema/beans
       http://www.springframework.org/schema/beans/spring-beans-4.3.xsd
       http://www.springframework.org/schema/context
       http://www.springframework.org/schema/context/spring-context-4.3.xsd
       http://www.springframework.org/schema/aop  
       http://www.springframework.org/schema/aop/spring-aop-4.3.xsd 
       http://www.springframework.org/schema/mvc
       http://www.springframework.org/schema/mvc/spring-mvc.xsd">
	
	<aop:aspectj-autoproxy></aop:aspectj-autoproxy>
	<aop:aspectj-autoproxy proxy-target-class="true"/>
    
    <context:component-scan base-package="com.exam.controller"/>
    
    <mvc:annotation-driven>  
	  <mvc:message-converters register-defaults="true">  
	    <bean class="org.springframework.http.converter.StringHttpMessageConverter">  
	     <property name="supportedMediaTypes">  
	       <list>  
	         <value>application/json;charset=UTF-8</value>  
	         <value>text/html;charset=UTF-8</value>  
	         <value>text/xml;charset=UTF-8</value>  
	         <value>text/plain;charset=UTF-8</value>  
	       </list>  
	      </property>  
	   </bean>  
	  </mvc:message-converters>  
	</mvc:annotation-driven>  
	<mvc:default-servlet-handler />
	
		<!--配置拦截器, 多个拦截器,顺序执行 -->  
    <mvc:interceptors>    
        
        <mvc:interceptor>
            <mvc:mapping path="/**"/>
            <mvc:exclude-mapping path="/login"/>
            <mvc:exclude-mapping path="/types"/>
            <mvc:exclude-mapping path="/selectNowExam"/>
            <bean class="com.exam.Interceptor.LoginInterceptor"></bean>
        </mvc:interceptor>
    
        <mvc:interceptor>    
            <!-- 匹配的是url路径， 如果不配置或/**,将拦截所有的Controller -->  
            <mvc:mapping path="/**" />  
            <!--<mvc:exclude-mapping path="/login"/>    --> 
            <mvc:exclude-mapping path="/login"/>
            <mvc:exclude-mapping path="/types"/>
            <mvc:exclude-mapping path="/selectNowExam"/>
            <bean class="com.exam.Interceptor.AuthInterceptor"></bean>    
        </mvc:interceptor>  
        <!-- 当设置多个拦截器时，先按顺序调用preHandle方法，然后逆序调用每个拦截器的postHandle和afterCompletion方法 -->  
    </mvc:interceptors>  
	
    <!-- freemarker的配置 -->  
    <bean id="freemarkerConfigurer"  
        class="org.springframework.web.servlet.view.freemarker.FreeMarkerConfigurer">  
        <property name="templateLoaderPath" value="/WEB-INF/ftl/" />  
        <property name="defaultEncoding" value="UTF-8" />  
        <property name="freemarkerSettings">  
            <props>  
                <prop key="template_update_delay">10</prop>  
                <prop key="locale">zh_CN</prop>  
                <prop key="datetime_format">yyyy-MM-dd HH:mm:ss</prop>  
                <prop key="date_format">yyyy-MM-dd</prop>
            </props>  
        </property>  
        <property name="freemarkerVariables">
              <map>  
                <entry key="ctx" value="/web_example" />                
            </map>            
        </property>
    </bean>      
    
    <!-- FreeMarker视图解析器 -->  
    <bean id="viewResolver"  
        class="org.springframework.web.servlet.view.freemarker.FreeMarkerViewResolver">  
        <property name="viewClass"  
            value="org.springframework.web.servlet.view.freemarker.FreeMarkerView" />  
        <property name="suffix" value=".ftl" />  
        <property name="contentType" value="text/html;charset=UTF-8" />  
        <property name="exposeRequestAttributes" value="true" />  
        <property name="exposeSessionAttributes" value="true" />  
        <property name="exposeSpringMacroHelpers" value="true" />  
        <property name="requestContextAttribute" value="request" />
    </bean>  
</beans>
	